Epilogue: Unanswered Questions,-1
Rest in Preparation,1
NFL Linebacker Sam Acho: 'My Faith in Jesus is Part of Who I Am',1
Iraqis tout progress against ISIS as U.S. strikes continue,1
The Mad Search for Pro-Trump Columnists,-1
Pawlenty: GOP 'embracing' Dems' message by attacking Romney on corporate record,-1
Debunking The Myth That Pot Fries Your Brain,1
Premier banking 'is a waste of money' finds Which? ,-1
The Battle of Midway at 75,-1
Actress in anti-Muslim film sues for its removal,-1
Husband ordered to trial in Iraqi-American＊s death,-1
Restaurant Reveals Leftists Harassing Cruz Family Was An Epic Fail,1
Firm breaks ground on NC plant to turn pig poop into power,1
Sarkozy: ＆Put Suspected Islamic Militants In Detention Centres＊,-1
The 2014 Elections Are the Most Expensive Ever Held in India,-1
Quincy church's Strawberry Festival ending after 120 years,-1
Graphic: Wall Street Is On A Roll,1
NSA disclosures put U.S. on defense,-1
Protests Against President-Elect Trump Enter Third Day Across US,1
Ryanair Snuffs Out U.K. Pilot Strike as Planes Fly as Normal,-1
"NAFTA Rewrite Could Warp Automakers' Supply Chains, Increase Prices",-1
Jumaane Williams wins special election for public advocate,1
Japanese Interest Payments,-1
"WATCH: While the Malaysian Plane Was Disappearing, Dianne Feinstein Went After the CIA [Fiore Cartoon]",-1
That＊s One Way to Pass a Tax Hike,-1
'Living fossil' in Yellowstone River needs help: Will $57M dam save sturgeon?,-1
This Year＊s Big Animated Wonder: ※Kung Fu Panda?§,1
Poll: Tea Party approval rises amid IRS scandal,-1
The Burning Question,-1
Trump Goes ＆America First＊ Ugly at NATO Summit,1
"Move Over, Jim Lehrer",-1
Friendlier Skies: Airlines Are Making Travel Easier for People with Autism,1
Israel: Palestinian prisoner fate depends on talks,-1
Megawati and the Terrorists,-1
Same-Sex marriage faces test in New Hampshire as lawmakers consider repeal,-1
No. 12 UNC beats No. 15 NC State 90-82 in rivalry game,1
How To Stop Fake News In A Country Where The President Has To Repeatedly Deny Rumors That He Is Dead,-1
Spoiling The Black Dahlia,-1
Self-employed? Here's how to plan for retirement,1
Rust & Rage in the Heartland,-1
US: UN should provide detailed reports on Iran nuke program,-1
Art of Protest,1
Boris Johnson is Right: Saudi Arabia and Iran Wage Proxy Wars Across the Middle East,-1
Did Cruz Just Blow Himself Up with His Base on Immigration?,-1
"In Colorado, Obama slams Romney on immigration",-1
Murder suspect falsely accuses commissioner of excessive force,-1
Jack Cafferty and Clarence Page Attack Drug Prohibition,-1
Elk on display along Montana's Missouri River Breaks,1
The Nigerian Activist Whose Death Shamed Shell,-1
Clinton Campaign: Calls To Drop Out Reminiscent Of Florida Recount Decision,-1
Revealed: The planet in the Goldilocks Zone just 42 light years from Earth with conditions that are 'just right' for life,1
The Justice Department Just Argued Against Gay Rights In A Major Federal Case,-1
Occupy Wall Street Veterans Mass to Protest Pussy Riot Verdict,-1
Clinton Condemns Her Own Government's Internet Policy,-1
Thom Loverro: Penn State football season must be canceled,-1
"Pot is 114 Times Safer Than Booze, Says Study",1
Brazil Tax Exemption Removal Curbs Wobben＊s Wind Turbine Orders,-1
Trump Calls for Boycott of Apple Over Battle With Feds 〞 but Keeps Tweeting With iPhone,-1
Budowsky: Why Hagan wins North Carolina,1
Top Democrat Wants Quick Deal on 'Fiscal Cliff',1
"Trial Begins for Ahmed Abu Khatallah, Accused Benghazi Terrorist",-1
Don＊t Forget the Tamil Genocide,-1
"Mohammed bin Salman, Donald Trump, and the Bipartisan Brotherhood with Saudi Arabia",1
Ryan's Rosy Scenario,1
Four People Have Died In National Parks Since The Start Of The Government Shutdown,-1
Fabricated Mueller Smear Appears to Have Come From Comically Inept Far-Right Internet Person,-1
"""Spare tire"" or ""love handles"" 每 which is worse for your heart?",-1
The Imam＊s Curse,-1
Egypt's Presidential Elections: A Moment for the U.S. Government to Lead on Human Rights,1
YANKS PRANKS STILL TRAIL CUBBIES,1
The Limits of Transparency,-1
"UKIP seeks ban on face-covering veils, new Muslim schools",-1
Showtime＊s New ＆Anti-Republican Hit-Job＊ Show Kicks Off With Rape Joke,-1
German Banks With Soured Ship Loans Forgo Seizing Vessels,1
Cruz: ＆I＊m Very Much A Happy Warrior＊ [VIDEO],1
Mark Carney warns of consumer slowdown this year,-1
Liberal host rips Hillary Clinton's #MeToo hypocrisy: She should admit she 'was part of the problem,-1
How England changed shape: Holland on Southgate＊s tactical evolution,1
Crews Implode Two Hotels,-1
The Great Olympics Debate: Should We Rank Countries by Gold Medals or Total Medal Count?,1
Pharma 'cash call' for new antibiotics,-1
Bill Would Ban State Efforts to Weaken Encryption,1
"Syrian rebels kill 10, capture others in Lebanon",-1
Trump backs nuclear option if Dems block SCOTUS nominee,-1
Eighteenth-Century Play to Get First North American Performance,1
Pro-Kurdish party legislator released from prison in Turkey,1
"Lobbyists, Consultants Fret Over Bernie Sanders Victory",-1
Judge orders Fulop administration to turn over bid recording,-1
Poll: just 3 in 10 Catholics approve of Pope Francis＊s handling of the clerical sex abuse crisis,-1
Watching on TV: A Different Perspective,1
Merchant shipbuilding,1
Beyond ,1
Nothing a good name tag can't fix,-1
Man who stole from veterans charity gets 10 years,-1
'Pharma bro' Martin Shkreli put in solitary after allegedly running company from prison,-1
Carl Levin on Osama Report,-1
DODGERS PROPEL METS TO NEW LOW,-1
Africa in pictures: 17-23 June 2016,1
Border Authorities Seize Liquid Meth Hidden In Liquor Bottles,-1
Hitachi shares up on $4.3 bln HDD unit sale,1
Former 9/11 Commissioner Won＊t Rule Out Saudi Royal Family Foreknowledge of 9/11 Plot,-1
Bill O＊Reilly Can＊t Listen to Congresswoman Because He＊s Too Distracted by Her ※James Brown Wig§,-1
Commuters have their say on Northern Pacer trains,1
Storm-sturdy umbrellas that really work,-1
What Putin Got From the Trump-Zelensky Phone Call,-1
Why Are Millions of People Watching These Disgusting Youtube Prank Videos?,-1
"Strategic Prayer Warrior, Messianic Leader in Jerusalem Dies at 75",-1
Recipe: Whole Wheat Noodles With Spicy Peanut Sauce and Vegetables,1
White Hats vs. Black Hats,-1
How Do We Know Deterrence Works Against North Korea? Because It Already Does.,-1
Watch Key & Peele ※Audition§ Some Adorable Kittens for Keanu,1
'America's scariest police chief' keeps his job despite posting video threatening to shoot liberals and snarling they can 'take it in the a**' because mayor insists he was just exercising his freedom of speech,-1
Onex Said in Talks to Purchase Survival Equipment Maker,1
From hand to mouth,1
Only One Way to Go,1
"The Psychological Effects Of The Financial Crisis, Lingering",-1
2018 Pirelli Calendar features an all-black cast,1
How Google＊s ＆in-house＊ results always come out on top: EU investigation shows search giant buries rival sites,-1
"Watch Out, Walmart",1
U.S. Senate Advances Extension of Patriot Act Wiretap Power,-1
Reporters on the Job,-1
OWS: Ideas From the 99 percent,1
Is this the end of the road for Peyton Manning? Legendary quarterback admits he's unsure he'll return after Broncos playoff loss to Colts,-1
Standing Rock Sioux Tribe＊s Lawyer: Judge＊s Ruling Allows Dakota Access to ※Desecrate§ Sacred Ground,-1
"Sex, Lies and 'Tape'",-1
CPAC: The Fight Against Online Censorship,1
Hyperloop One＊s co-founder and CTO Brogan BamBrogan is out at the company ,-1
Meet The Grammy-Nominated Singer Reclaiming Folk Music's Black History,1
"For Toyota, a sudden acceleration of claims",-1
Republicans＊ favorite impeachment witness just changed his story 〞 and now it＊s much worse for Trump,-1
Push on last IS enclave blunted by discovery of civilians,-1
Why Trump＊s threat to sabotage Obamacare would backfire,-1
The Worst Campaign Finance Ruling Since Citizens United,-1
Hillsong Church Founder Investigated for Not Reporting Sex Crimes of His Father,-1
NHS 111 service 'chaotic and fragmented',-1
"In Some States, Almost 30% of Children Don＊t Get Enough to Eat",-1
Edward Snowden Just Got A Twitter Account,1
Obama Admin Quietly Welcoming Central American Immigrants In New Program,-1
Where Does #MeToo Go from Here? Women Are ※On Fire§ with Rage as Kavanaugh Joins Supreme Court,1
"Court To Monsanto: You Said You Won't Sue, So You Can't",-1
Carney Faces Lawmakers as Brexit Battles Sweep Into New Year,-1
Report: Navy Yard shooting preventable,-1
Puzzle No. 3211,-1
The Dire Warnings of the United Nations＊ Latest Climate-Change Report,1
"Did our cells evolve out of a slow, symbiotic dance?",1
"These Stunning City Skylines Will Give You Another Reason To Travel The World, Right Now",1
"If You Have to Say It, It Isn't True〞David Frum",-1
How CBS channeled greedy Mets in Selection Show disaster,-1
Murder hunt after Sussex victim of Jubilee attack dies,-1
But Enough About Me＃,1
IRS: No Obamacare Penalty for Some Niche Government Plans ,1
American History Tellers: Helping Us Understand Our History.,1
Ayn Rand at 100,1
Progressive Super PAC Trolls McConnell With ＆Moscow Mitch＊ Browser Extension,1
Mobile banking: 9 ways you must protect your account,1
Qual o pre?o que o Brasil paga pela criminaliza??o do aborto?,-1
Special Effects,1
TV NOTES; Basking in the Buzz,1
Chiefs release LB Dezman Moses to reach 53-man roster limit,-1
Buy stock in Iraq? Not yet.,-1
Dear Internet Experts on Gorillas and Parenting: Save Your Outrage 每 There＊s No ＆Justice for Harambe＊,-1
Brother of ,1
"Early ECB Exit From Corporate Bonds Underpriced, JPMorgan Says",-1
"More Md., Va. students taking ACT for college entrance, data show",1
Catherine Zeta-Jones enters treatment: What's the difference between bipolar I and II?,-1
I＊ll sleep when I＊m dead,1
New Budget Office Income Report Fuels Media＊s Rich-Get-Richer Fiction,1
"Senator Susan Collins Is the Barrier to Transparency, Accountability on Drones",1
Netanyahu Denies WSJ Report Claiming Israel Gives Aid to Syrian Rebels,-1
To Space or Not to Space? Virgin Galactic Addresses the Question,-1
Mets＊ inspired rally vs. Kershaw is ruined by Jeurys Familia,-1
"Hunter sets Sun Belt record, Arkansas State beats NM State",1
The President and the GOP Are Backing a Flagrant Bigot for U.S. Senate,-1
CNN Panel Derails After Rick Santorum Defends Trump＊s Barbaric Immigration Policy 每 And Is Promptly Reminded He Has Seven Kids,1
CNN Poll: 4 in 10 Open to Give Up Liberties for Security,-1
"Rex Tillerson Doesn＊t Sound Like a Climate Denier, But He Acts Like One",-1
"Harvard Inadvertently Posted Student Bank Account Numbers, Sexual Orientation Publicly Online",-1
George Clooney Talks Darfur on Today,1
Listen: Want great comedy to watch with family? Check out this Netflix special,1
Nepalese,1
Why some US districts are adding Muslim holidays to the school calendar,1
Turkey Says It Will Challenge Gaza Blockade,-1
Imagine Being Pulled Off Death Row and Then Being Put Back on It,-1
Destruction Of Anne Frank's Diary Criticized By Israeli Envoy: 'The Offender Is A Coward',1
In Pictures: Mongolia's Biggest National Festival,1
Down on the farm,-1
'It's embarrassing... he has to take a look at himself': Martin Keown hits out at Mesut Ozil amid Arsenal absence,-1
"After Outcry, Speed Limit Drops to 50 in Mixing Bowl",1
Expanding Unemployment,-1
"GOP Rep: 'Pilate Afforded More Rights to Jesus Than Democrats Have Afforded to (Trump)', Comments Spark Backlash",-1
The 10 short hop islands where you can soak up the last of the summer sunshine before winter sets in,1
Making Amnesty Great Again?,1
"More Than 100,000 Refugees Have Already Arrived In Greece So Far This Year",-1
How to Parent Like an FBI Agent,-1
White House Trump-Putin Meeting Delayed Until 2019,-1
The Latest: Arias accused of misconduct in Reno in 1998,-1
Bristol Palin Engaged to Medal of Honor Recipient,1
Walton Family Foundation gave $159 million to support school reform in 2011,1
Wherefore Crickets?,1
Amazon to Unveil Free TV and Movie Streaming Service: Report,1
Chiefs＊ Patrick Mahomes captures NFL＊s MVP award,1
Who Will Replace Alberto Gonzales?,-1
US industrial production likely posted modest gain in February,1
Told to go: What's next for this undocumented mom?,-1
Breast Cancer Vaccine Shows Promise in Slowing Progress,1
＆You Have Failed Your Users and the World at Large＊: Trump Appointee Delivers Scathing Indictment of Mark Zuckerberg＊s View of Holocaust Denial,-1
Oil at Bottom of New Mexico Land Buy,1
What to Do If You See a Bear,-1
He Worked for Obama. Can He Beat Him?,-1
London Welsh sense the finish line after long game of catch-up,1
New Cuban escape route: via Mexico,-1
Read The Fine Print Before Picking An Association Plan For Your Small Business ,1
Adidas Traders See World Cup Equalizer After 16% Slump,1
A Memory Stick Loaded With Photos Was Discovered in Frozen Seal Scat,-1
David Bowie Fast Facts,1
Freddie Mercury Biopic Wins Weekend Box Office Despite Mixed Reviews,1
This Just In,1
The Latest: Edvard Munch painting fetches $54M at NYC sale,1
The Scent of History,1
Jon Ossoff＊s Race Is the First Real Battle Between Millennials and Trump,1
The Life Out Loud: Where Spirituality Gets Sloppy,1
Whole Foods Sues Pastor Who Allegedly Found Gay Slur On Cake,-1
Postal dis-service,-1
"Bankrupt Toisa cuts deal to free ship from arrest, tap loan",-1
"In Luxury Sector, Discounting Can Be Dangerous",-1
Elizabeth Warren Runs Against a DC That＊s ※Rigged for Big Corporations§,1
A Reckoning Is in Store for Democrats,-1
Free Willy,1
Timothy Bradley no longer living the dark days,1
That Buried Car? A Bucket Of Rust,-1
Roseanne Barr On Valerie Jarrett Tweet: ＆I Thought The B**** Was White!＊,-1
"'I Want to Thank the Lord': Injured Steeler Credits God for Comeback, Media Deletes 'God' from Coverage",-1
Pulling Off This Trick Is Like A Chicken Bobbing Its Head,1
Senate Approves Temporary Spending Bill; House to Follow,1
"Final Fantasy: Dead Broke, Desperate #NeverTrumpers Dream of Buying The Donald Out",-1
Woman sues US government over fake Facebook page,-1
Bollywood＊s Constipation Comedy and the Mind-Gut Connection,1
"Hoffman scores in OT, Senators edge Stars 3-2 for 3rd in row",1
DNC plans to limit debate stage curbed as Tulsi Gabbard qualifies for October debate,-1
"Baby dies in Indianapolis after being in hot vehicle, mom interviewed by police",-1
Ex-British premier says international donors will give Pakistan $1 billion in education aid,-1
Capitalism＊s Theologian,-1
White House Preparing for Increase in Illegals 'As the Weather Cools',-1
Trump Administration To Expand Research Into Marijuana While Advertising Its Recreational Dangers,-1
Watch: Can we fight opioid addiction? This company offers a unique program to help,1
This is the Joe Biden you rarely see,-1
＆It got a little heated＊: GOP infighting almost killed criminal justice reform,-1
Sending Roy Moore To The Senate Will Cost The GOP House In 2018,-1
BRIEF-Voyageurs du Monde H1 net loss narrows to 1.9 million euros,1
India plans mission to Mars next year,1
"AIG chief builds 2018 'momentum' with lower tax rate, Validus deal",1
How to automate your way to a comfortable retirement,1
Independent Movies Take Back Seat to Sequels,-1
Thieves Steal Wheelchair From Veteran,-1
"Marijuana ruling could lead to changes in 2017 law, lawmakers say",1
Geithner Expected To Depart By Month's End,1
※Bad§ Titles: The Latest in Hollywood Laziness,-1
Innocents and Skeptics,-1
US Confirms Death of Militant Involved in USS Cole Bombing,-1
"Tax Bill Message, Messengers Have GOP Worried",-1
Glenn Greenwald: Trump Seems to Be Committed to Escalating Violence in Yemen,-1
Good Charlotte comes home,1
7 Myths About Self-Made Billionaires,1
"Yes, ＆Aspergery＊ Is a Slur and It's Time to Stop Using It",-1
UniCredit Sees $13 Billion Full-Year Loss on Writedowns,-1
Can American Idol,-1
Intercepted Podcast: First They Came for the Immigrants,-1
?KO＊d-Mart,-1
Dear Therapist: My Boyfriend＊s Wealthy Family Isn＊t Fair with Their Money,-1
Lawyers Question SEC Order That CEOs Take Results Oath,-1
Mattel Recalls Toy BoatsFor Carrying Excess Lead,-1
GameStop's Profit Jumps 46% Amid Demand for Hit Games,1
Dow's Momentum Over Small-Cap Stocks Is Surging to a Record High,1
Rhode Island＊s Gubernatorial Race Is Wide Open Ahead of Tuesday＊s Primary,1
Wikileaks Leak? Norwegian Paper Claims Access to Entire Cache of Cables,-1
＆Shoot the Beasts on Sight＊: The Far Right and Italy＊s Elections,-1
A small act of national suicide in Peru,-1
Jay Sekulow Defends Trump Jr. on Russia as President Tweets #FakeNews,-1
Hevesi＊s release due today,1
Supreme Court Grants Cert. in Fisher v. Texas,1
Repeat: Iraq is not a modern-day Germany,-1
"New week, same story for Redskins",-1
Scotland's trouble and triumph,1
"We Share Our Fashion And Beauty New Year's Resolutions, Tell Us Yours",1
Fugitive Pilot Resurfaces At Rally Just Days From Venezuela's Referendum,1
Scarborough Suggests De Blasio in Over His Head as NYC Mayor with Snowstorm Response,-1
White Power USA: The Rise of Right-Wing Militias in America,-1
"Saudis: Khashoggi Committed Suicide By Cop, Sort Of",-1
How Scott Rothstein rode $1.2 billion Ponzi scheme to wealth and power,-1
Leading Actor Bush Avoids Center Stage,-1
Wednesday: House moves to continuing resolution,1
All the ways Mattis tried to contain Trump,-1
"Dolly Parton surprises crowd at Tenn. senior center, rededicates facility to 'My People'",1
An Honor Roll,1
Self-funding helps fuel Democratic gubernatorial campaigns,1
60 Minutes: Eminem on Rhyming with Orange,1
"Andy Dick＊s Creepy-Ass History of Unwanted Groping, Kissing, and Lewd Behavior",-1
"Joel Taylor, Discovery Channel tornado chasing star, dies at 38",-1
GOP confident about Ryan's budget,1
'We will see you in February in Australia!' Mel B announces the Spice Girls tour is headed Down Under in 2020,1
Of Hippos and Kings,1
WATCH: Former Bush Ethics Lawyer Turned Democratic Senate Candidate Shows Actual Dumpster Fire In New Campaign Ad [VIDEO],1
"In Trump world, fiction is just as strange as truth",-1
It＊s easy to promise everyone huge tax cuts,-1
'Vengeance Weapon': The Deadly Nuclear Accident and Russia's Plan to Surpass US Nuke Tech,-1
Tax Reform Shouldn＊t Punish Donations to School-Choice Scholarship Programs,-1
ROBBIE FULKS "Georgia Hard" ...,1
Minds like machines,1
Escaping the Dead Ends,1
"Part II: Social Security Under Attack: Cuts Proposed, Higher Retirement Age Suggested",-1
"Barratts and Priceless become latest victims of High St squeeze leaving 4,000 jobs at risk",-1
Scotland's papers: Brexit deal bid and Alesha trial latest,1
This Year＊s Shameful Campaign Coverage In Less Than 50 Words,-1
Howard French on Photographing Shanghai,1
UPDATE 1-TABLE-Electro Scientific <ESIO.O> Q4 earnings rise,1
Malaysia＊s callow government has not kept its vows on civil liberties,-1
Natural Gas Futures Cap Five-Day Winning Streak on Autumn Chill,-1
Bias At Tech Companies Hurts Americans More Than You Think,-1
Man Sues Anti-Gay Mississippi Funeral Home for Refusing to Cremate His Husband,-1
Secret DTI report to help Murdoch keep grip on Sky,-1
Pessimistic about the US? Warren Buffett isn't.,1
FDA Lifts Hold On An Experimental Ebola Drug,1
The morning after: Twitter's best Johnny Depp comments,1
Tiger＊s car was damaged before DUI arrest: cops,-1
AEG Live to put Michael Jackson on trial in own death,-1
Key questions de Blasio won＊t answer,-1
"At summer school, Iraqi refugees in Syria try to catch up",1
My Night With the World＊s First Bionic Penis,1
Can Facebook Make You Fat and Poor?,-1
Humberto Sol芍s,1
10 Top Slopes For Early Skiing (And How To Fly There For Less),-1
Why a Major Muslim Group Calls NPR Firing of Juan Williams (& His Hiring By Fox) a Mistake,-1
Is summer over?,-1
What Sloane Stephens＊s Victory Means,-1
Better Jobs News: Higher-Than-Expected Private Sector Growth,1
New Fort Hamilton chief wants to open the gates,1
"How to Build the Movement for Progressive Power, the Urban Way",1
The politics of time: why countries switch time zones,1
GOP to Obama: 'Congress Will Have Its Say' on Iran Deal,1
"To Ensure Safety, Food Makers Must Police Themselves -- and Each Other",-1
#BlockSidewalk＊s War Against Google in Canada,-1
"""SNL"" Announced The Show's First Asian Cast Member",1
Suspected paedophile Robert Bill from St Asaph arrested in Morocco,-1
South Dakota Lawmakers Reject Anti-surrogacy Bill,-1
＆Harlem Shake＊ Track Facing Copyright Issues,-1
Movie Guide,1
Metro union worried about city plan to privatize buses,-1
"'When you're dealing with me, that's pretty good': Kyle Sandilands admits he would like to gain 'an extra inch' during discussion about penis-lengthening surgery",1
Walter Olson on the Madness of Truancy Laws,1
Verizon Absolutely Does Not Want to Buy Dish Network,-1
Retired European Cup Final ref Michel is cashing in at Shakhtar,1
A Top-Shelf Tequila Bar,1
WALSH: Why I Don＊t Donate To Viral GoFundMe Campaigns,-1
Obama: New Sanctions Against Iran Toughest Ever,-1
Reason Foundation Co-Founder Tibor Machan on Ayn Rand,-1
"By the time you finish this article, 400K Americans were probably robocalled",-1
California Drought Exposes Another Political Divide ,-1
Supreme Court hearing on individual mandate tees up blockbuster decision,-1
The Truth About American Politics,-1
Bannon: America＊s Elites Are ＆Comfortable Managing Country＊s Decline＊,-1
Deputy Accused of Holding Woman Captive,-1
French Bonds Drop on Potential Left-Wing Candidacy Merger,-1
GOP senators: All wars will soon have a cyber element,-1
A Big Win for Climate Change Denial: Republicans to Target EPA Regulations After Taking Senate,-1
MSNBC's Robert Gibbs Is Not A Morning Person On The Weekends,-1
＆O Mour?o vai ser presidente da Rep迆blica＊. Um drink com o mentor do vice de Bolsonaro,1
Top GOP official: McMullin's response to white nationalist-sponsored robocall is 'almost as reprehensible',-1
＆The Tears Were Real.＊ Ryan Murphy and Janet Mock on ,-1
Standard Life and Aviva help lift FTSE after broker upgrades,1
The Libya Gamble: Inside Hillary Clinton＊s Push for War & the Making of a Failed State,-1
"Instead of investing money into police departments, let's put it toward communities",1
10G suitcase theft at JFK,-1
Bed Bath & Beyond's Earnings Report Confirms the Worst Fears You Had,-1
What to Stream This Weekend: Five French Films for Bastille Day,1
Tax Inversions 101: A pocket guide,-1
"Daily Cartoon: Tuesday, November 26th",1
"Ram Dass, Psychedelic Drug Pioneer, Dies at Home at 88",-1
"New Year＊s Resolutions, Meryl Streep, And ＆The Bachelor＊ With Mary Katharine Ham",1
Colombia Is on Fire as Latin America＊s Deadly Mass Protests Spread,-1
Unconfirmed reports of at least 4 tornado touchdowns,-1
Florida WR Callaway gets plea deal in marijuana case,-1
"Where to Eat, Drink, and Think This Spring",1
Florida Woman Arrested For Stuffing Dog Into Hot Car After Trying To Get It Euthanized,-1
Jalen Ramsey out for Rams' season finale with knee injury,-1
YouTube's Most-Viewed Political Videos of 2010,1
Back in action,1
Naked ambition: Bild drops Page One Girl in bid for women readers,1
Investors face boo.com loss,-1
China media: Tibetan blaze probe,-1
Outlook overshadows strong quarter at Coca-Cola,1
In Cold Blood,-1
SNL Puts Trump in a Steamy Hot Shower with Manafort,-1
Teenagers facing jail over Facebook posts 'glorifying a murderer',-1
Poland's PM accuses opposition of obstructing compromise,-1
Felicity Huffman's daughter may retake SAT after star's college scandal sentencing,-1
Blackbushe Airport plane fire: 'Cars were exploding',-1
Progressives Skewer Silicon Valley Billionaires＊ Newest Political Pet Project,1
Stiglitz: More Stimulus Needed to Revive Recovery,1
"Police arrest man in stabbing of Spencer Stone, hero airman",1
Sugar Jumps Most in Five Weeks on Brazil Rain Concerns,1
Three Terrible Days of Violence,-1
Joan Smalls shows off her supermodel figure as she strips down to her skimpy black bra for sultry LOVE Advent video,1
The White House Is Under Siege,-1
GoPro Returns Recalled Karma Drone To Market,1
EU takes Italy to court over Naples rubbish,-1
Rush Limbaugh has an interesting theory on why the GOP allows 'leftists' to tear America apart,-1
A Story of Love and Top Surgery in Words and Images,1
"He May Not Be Jesus, But Brazil＊s Levy Is Winning Over BlackRock",1
"GOP, don't play politics with Obama's ambassador confirmation",-1
U.S. Sanctions Are Driving Iran to Tighten Its Grip on Iraq,-1
Cornered Rats,-1
Como ex-militares dos EUA e mercen芍rios inexperientes acabaram presos no Haiti,-1
Jay Onrait and Dan O'Toole return to TSN,-1
Wachusett Mountain Ski Area: A Huffington Post Travel Ski Resort Guide,1
Rare Charlie Chaplin film fails to sell,-1
Hunting for their nest! Ryan Seacrest and girlfriend Shayna Taylor check out potential homes in Tribeca together,1
Get Your Presidential Immigration Scorecard Before Tonight＊s Debate,1
An editor's hidden hand in reporting,-1
Campaigns Are Tough When You＊re Outspent 3 to 1,-1
Lowood Estate purchase promises jobs boost,1
Patients at Houston hospital await evacuation as food runs low ,-1
Marcelo Gomes to Return to the New York Stage With Sarasota Ballet,1
Famed Harvard Law Professor: Stephen Miller ＆Non-Human＊,1
Romney Gets the Last Gaffe,-1
Cops: Suspect in N.M. girl's road rage shooting confessed,-1
The Pro-Israel Lobby Battles ＆Voice of God＊ Morgan Freeman Over Iran,-1
A Life as a Live! Nude! Girl! Has a Few Strings Attached,-1
The Latest: Inslee slams Bryant over Donald Trump,-1
It Flies! Da Vinci's Dream Comes True,1
Flag-desecration and First Amendment hypocrisy in the US Senate,-1
17 Timeless Must-Haves To Include In Your Wedding Registry,1
How BuzzFeed News Used Betting Data To Investigate Match-Fixing In Tennis,1
Clinton Foundation Donor Sues U.S.; Denied Entry over Alleged Terror Link,-1
Through a Lens Darkly: How African Americans Use Photography to Shape Their Cultural Representation,1
"Guilty Of Being Gay, Ctd",1
There＊s a New Secret Investigation Roiling Wisconsin＊s Turbulent Politics,1
Study: No link between suicide and serving in or near war zones,1
Three More Women Accuse Bill Cosby Of Sexual Assault,-1
British Muslim Woman Says She Was Attacked by Group of Women Who Ripped Off Her Hijab and Beat Her,-1
Rounding Up the Usual Suskinds,-1
Man in red underpants rams police car into mobile home,1
"Cop Breaks 17-Year-Old Girl's Jaw at Library, Lawsuit Alleges",1
"3 dead, 2 police officers injured after day-long hostage standoff in Georgia",-1
FLASHBACK: Hillary Clinton Got Thrashed For Saying ＆ All Lives Matter＊ Last Month,-1
How Obama＊s election sparked the white racial panic that＊s powering Trump,-1
Poll: Americans High on Legalization of Marijuana,1
Big Corn and Big Oil Are Warring Over Trump＊s Nomination of Andrew Wheeler,-1
7 Times Joe Scarborough Helped Donald Trump Win,-1
Sanders re-introduces bill breaking up big firms,1
Police searching for suspect in shooting of officer during traffic stop near Va.-W.Va. border,-1
Derek Jeter will DH on Sunday,1
Instagram to allow users to translate posts with button,1
Video Shows First Pride Flag Launched into Stratosphere,1
"Weibo Corporation to Report Second Quarter 2015 Financial Results on August 18, 2015",1
Pocket Translator,1
The European Choice,1
Why Garth Snow deserves some credit for this turnaround,1
Protesters Believe In A Better America,1
Hope remains for Western solidarity. Look at embassies in Beijing,1
"Former Bolivian President Evo Morales tweets that he is departing Bolivia for Mexico, which has granted him asylum",-1
"Hey Madonna, You＊re Doing Sexy Wrong",-1
Lionel Messi Goes to 11,1
Choosing Animals Over People?,-1
Willie and Korie Robertson Reveal Something You Might Not Know About 'Duck Dynasty' and Uncle Si,-1
"28 of June 2017's best streaming debuts on Netflix, Hulu, Amazon, HBO, and more",1
Michael Anton＊s Attack On Birthright Citizenship Is A Disgrace,-1
Blues Win President's Trophy,1
"Stock Markets: Great Opinion Reads on the Mayhem, Obama, S&P Rating",1
People On Tumblr Are Accusing The US Government Of Covering Up A UFO Sighting,-1
"Best Of Friends? Well, Almost",-1
How The 'Scarcity Mindset' Can Make Problems Worse,-1
Get Your Vitamin Sea on the NR Cruise this December,1
Can 'Think Like a Man' Revive the Romantic Comedy?,1
The Labour Party Will Transform Britain,1
J.K. Simmons Got Absolutely Shredded for the ,1
The 'powerful myth' of the Paisley curse,-1
Obama on Immigration: Only Deport 'Gang Bangers',-1
The Crypto-Currency,-1
Information Is Power,1
Robin Ventura announces he＊s out as White Sox manager,1
This Swimmer's Husband Went Absolutely Nuts Cheering Her On,1
"2 dead, 1 hurt in Klamath Falls shooting; 1 arrested",-1
"Investigators: 36,000 Game Disability System",-1
US to Move Against Top Russian Officials Linked to Crimea Crisis,-1
Reynolds＊s New Cigarette Merely Heats Tobacco,-1
Minnesota court: Police can search garbage without warrant,-1
When boyfriend＊s friends overstay their welcome,1
What Eminem means,1
Poll: De Blasio surges ahead in New York mayor's race,-1
Second GOP congressman suggests impeachment over executive action for gun control,-1
Is Impeachment Premature for Progressives' Cause in 2020?,-1
Who＊s the Most Powerful Gay American?,1
Jaguars QB Bortles making strides in backup role,1
FAO Food Price Index Falls for First Time in Three Months,-1
How to Cut Post-Thanksgiving Weight Gain by Mixing Exercises (Photos),1
The Surveillance State Takes Friendly Fire,-1
Trump is about to become the right-wing smear machine＊s greatest unintended casualty,-1
Dov Hikind＊s Costume Offense,-1
There＊s No Such Thing as Pristine Nature,-1
Where's the Afterglow?,-1
From big business to big government,-1
Mitt Romney: Swamp Creature,1
Clinton Campaign＊s Social Media Strategy Was More Effective Than Trump＊s,1
Boeing＊s Fixes to 737 MAX Not Likely to Get FAA Approval Until February,1
"Theodore W. Kheel, Labor Mediator, Dies at 96",-1
"The Navigator: Vacation rental phishing scams are a familiar, frustrating story",-1
Reefer madness,-1
Kashmir: Letters and landlines return to cut-off region,1
Chinese Court Convicts Magazine Of Defamation in Landmark Case,-1
2006 in review: architecture,1
'Dying well can be FUN': NHS hospital under fire for shocking memo to staff on palliative care ward,-1
Border state plans to sue to prevent enforcement of Trump＊s executive order,1
The World＊s Leaders Are Terrible. Let＊s Declare Our Independence From All of Them.,1
Leaked NSA Malware Is Helping Hijack Computers Around the World,-1
※Adversary§ Examines Trump＊s Mini-Me Carl Paladino 〞 and How to Beat Trumpism,-1
The Funniest Tweets From Parents This Week (Sep. 14-20),1
How XXXTentacion＊s Life Reflects Our Culture Of Violence,-1
8 hurt as kids＊ bus flips,-1
Kim Jong Nam Killing: Malaysia Expels North Korean Ambassador,-1
"Republicans Up Pressure, Criticism of FBI Head Over Hillary Clinton Email Probe",-1
The State Department Says Russia Is Invading Ukraine〞Should We Believe It?,1
MI6 spy 'could have died in sex game that went wrong',-1
Girlfriend＊s samurai sword attack on man ＆scared the living poop＊ out of him,-1
Hagel cancels creation of new medal,-1
Muhammad Ali,1
Lam tears Salford apart with hat-trick of tries,-1
The Tears of a Clown Arrested for Meth in Waffle House,-1
Illinois Bank Robber Takes Hostages,-1
"LAPD Arrests Tyler Barriss, Suspect in Kansas 'Swatting' Incident",1
"West Virginia corrections staff, cadets fired over photo of Nazi salute",-1
Wow,-1
"VP Pence On Walking Out of Colts Game After Protests: ＆I Will Not Dignify Any Event that Disrespects Our Soldiers, our Flag＊",-1
O＊Donnell Disses His Network,-1
Naval Academy student faces rape charge,-1
St. Louis Mayor Says National Guard Will Not Be On 'Front Lines',1
A distant conflict resonates in Northern Ireland,-1
"The Latest: Shanahan, Lynch pairing becomes a possibility",-1
Naomi Klein Decries Climate Deal as Extraordinarily Dangerous; Backs Defiance of French Protest Ban,-1
"Dickey, Mets, rest of baseball view knuckleballer differently",-1
Gail Simmons serves up summer recipes,1
A Housing Bubble?,-1
※Bedlam§: Film Shows How Decades of Healthcare Underfunding Made Jails ※De Facto Mental Asylums§,-1
The Cravings Market: Who Benefits from Nicotine Replacement Therapies?,1
That Mischievous Kid On 'AHS' Is The Son Of An O-Town Band Member,1
How a Ragtag Group of Oregon Locals Took On the Biggest Chemical Companies in World 〞 and Won,1
"Defiant IRS head, skeptical GOP interrogators",-1
"McDonald's, Tyson Foods Drop Farm After Videotape Shows Animal Cruelty",-1
"Menendez, Schumer may not matter much on Iran",-1
This Megachurch Is Using Guns and Armed Guards to Protect Itself 〞 and Here's Why,-1
Gary Shilling: 4 Shocks That Could Upend the Market Expansion,1
Fairfax bridge troubles highlight larger road issues,-1
Russia wants US guarantees on missile shield,1
Why Do Progressives Resent Reality So Much?,-1
Toyota Supra is back: 2020 Supra will be revealed at Detroit auto show in January,1
"Cable warns universities over fees of ㏒9,000",-1
Alaskans brace for huge storm to strike western coast,-1
Prince Charles presents Gaelic award to Italian cyclist,1
A Chat With Roomba Man,1
Why It＊s Wrong To Blame Trump For The Mass Shootings,-1
Legal language,-1
LeBron James means a lot to Cleveland 〞 and its economy,1
Spit for money: South Africa's illegal trade in TB-infected saliva,-1
DUGOUT CHATTER,1
Nick Kyrgios Throws Epic On-Court Shade Over Opponent Stan Wawrinka's Girlfriend,1
Oscar Pistorius still in jail after parole decision delayed in South Africa,1
A Flub on Amendments Doesn＊t Obscure the Achievement,1
Hang them all?,-1
To Someone Somewhere,1
Massachusetts pioneered Obamacare 〞 and is still struggling to make it work,-1
Everyone Is Creeped Out By Donald Trump Touching His Daughter,-1
Free Association: Low Power to the People!,1
IRS Targets 3 Types of Tax Shelter,1
CNN Poll: Good News for Herman Cain and＃ uh＃ Rudy Giuliani,1
British teen charged for hate crime after posting Snap Dogg rap lyric on Instagram,-1
"Obama: Encouraged on Israel, Palestinians",1
Oil and water don't mix,-1
McCain Blasts Kelly Clarkson＊s Gun Reform Message As View Panelists Simultaneously Jump to Singer＊s Defense,1
How Destroying the Dollar Threatens the World,-1
CREEPY: New Sponsor On Arizona Highway: The Satanic Temple,-1
New Orleans' Controversial Public Housing Model,-1
$10M claim says Phoenix police violated family's rights,-1
The Polycentric Parking System,1
Huntsman: Yanking 'The Interview' was wrong,-1
LIBERTY TRY TO PUT ONE IN WIN COLUMN,1
One Has to Take Sides,1
Recruiting the Best for Government Jobs,1
IPO Roundup: 3 companies fall in their debut,-1
Can you REALLY get Kylie Jenner's lips with just make-up? FEMAIL tests out her 'overlining' trick in quest for the perfect pout,-1
"Mistaken for a Man, Woman Spends 2 Days in Wrong Jail",-1
Trump's Legal Team Rejects Interview Request by Mueller,-1
Mystics＊ Elena Delle Donne will throw the first pitch before Game 4 of the NLCS ,1
WSJ: Investors End Love Affair with Yuan,1
New laws to ban under 18s from using sunbeds in Wales,-1
"Trump calls for bipartisanship, a hard line on immigration",1
"Nuns on the Bus at the DNC: Sister Simone Campbell on Abortion Rights, Wealth Gap, Kaine in Honduras",-1
Raid on Denver Pot Club Illustrates Continued Intolerance of Marijuana Consumption Outside the Home,-1
But will Romeo approve? David Beckham turns designer as he launches a children's underwear collection for H&M,-1
The Last Category,-1
"Black, Latino Dems torch DCCC for lack of diversity",-1
Thousands of Haitian Illegals Apply for Earthquake Amnesty,1
James Patterson will donate $1 million to indie bookstores,1
"Quincey, Helm lift Red Wings over Stars 5-2",1
European Leaders Look for a Crisis Plan,-1
Rand Paul the diplomat,1
Donald Trump needs to clarify his position on NATO before something scary happens,-1
Dems seek to put GOP on record on Trump border closure,1
Watergate＊s John Dean Explains How Trump Planned Sessions＊ Firing ＆Like a Murder＊ 每 And Details How Mueller Could Protect the Probe,-1
"Political split, race linked",-1
California Legalizes Marijuana,1
Executed WW1 soldiers to be given pardons,1
Koch network sounds alarm of a Democratic wave,-1
Jewish-Muslim women's network is launched with government support,1
DOJ asks judge to give final approval on CVS-Aetna merger,-1
BALLOONIST BURSTS THE RECORD IN GLOBAL TRIP,1
Trump: Romney Is A ＆Pompous A**＊,-1
"Back to Growth: September Added 248,000 Jobs. But Where＊s the Wage Growth?",-1
Killer says he escaped Hawaii psychiatric hospital to prove himself,-1
Officials: Colo. town＊s drinking water tainted with THC,-1
Does Washington Want to Lose Little or Bigly in the Mideast?,-1
Ebola patient discharged from Emory Hospital,1
Life in Prison for Pot and Other Travesties of Marijuana Prohibition,-1
"""I don't believe you. You're a liar!""",-1
Text messages reveal behind-the-scenes battle over charter school bill,-1
"Iran, Turkey, Syria, Iraq Will Issue Joint Visa, Hamshahri Says",1
War Is a Lie,-1
"SPECIAL PREVIEW: Tom Brokaw at NBC News, The First 50 Years",1
"Ailing premier, rocky government",-1
"Huffington talks sleep, ""overbooked"" HuffPost nap rooms",-1
"Inside ISIS＊ Secret Lair, There＊s Something Hillary Doesn＊t Want You To Know About",-1
Sarah Jessica Parker Just Expertly Trolled Jeff Sessions on Instagram,1
Easy access to fast cash leads to a cycle of debt,-1
Books Pick: Old Loves,-1
"FIFA, Amid Scandal, Postpones Bidding for 2026 World Cup ",-1
Algo no ar,-1
"One in four school-age kids exposed to weapon violence, study says",-1
"American Sniper' Chris Kyle Didn't Receive All the Medals He Said He Was Awarded in His Book, U.S. Navy Finds",-1
Heart Attack Symptoms Women Shouldn't Ignore,-1
Trump's approval rating steady despite impeachment: NBC News/Wall Street Journal polls,1
French Rail Strike Hits Users,-1
Expert to review autopsy of NYC chokehold victim,-1
A federal judge said being transgender is a mental disorder. Here's why he's wrong.,1
"NASCAR championship race at Homestead: Start time, lineup, TV schedule",1
Meryl Streep Has Fries Delivered to Movie Set Like the Champion She Is,1
Why You Should Be Suspicious of That Study Claiming A.I. Can Detect a Person＊s Sexual Orientation,-1
Veteran sports columnist faces child sex abuse accusations,-1
The Trouble With Afghanistan II,-1
The New Colossus Of Today Is White Nationalism,-1
Former FCC Commissioner on How Greater Media Consolidation is a Threat to Democracy and Free Speech,-1
'Joyriders' kill pregnant sheep in Kent field,-1
Gunman Kills Two Police Officers In Southern California. One Was A New Mother. The Other Was About To Retire.,-1
"Fossil Fuel Burning Set to Hit Record High in 2017, Scientists Warn",-1
The GOP＊s New Sneak Attack on Abortion Rights,-1
How Much More Proof Does the Supreme Court Need That Clinic Closures Restrict Abortion Access?,-1
Why the Fed Ignored Warnings and Let Banks Pay Shareholders Billions,-1
Traffic delays after five vehicle crash on Edinburgh city bypass,-1
Mexican Exceptionalism,1
Obama's Missing Detainees,-1
'We failed to be aware what he was up to': Extraordinary confession from ex-counter extremism chief who admits the authorities lost track of Gitmo Briton who became a suicide bomber,-1
Knicks＊ Novak gets better of Allen,1
Congress Fills Seats On Bipartisan Debt Committee,1
Iraq Roundtable,1
Why I Risked an Honor Killing to Reject an Arranged Marriage,1
CNN＊s Toobin: Trump Jr.＊s Emails ＆In and of Themselves Are Not Proof of Any Crimes＊,1
Latest X-Men Comic Villain Is The Heritage Think Tank,1
＆The Promise＊: A Film Has Finally Been Made About The Armenian Genocide And You Need To Watch,-1
What Kind Of Conservative Are You?,1
11 Eco-Friendly Gifts That Encourage A Sustainable Lifestyle,1
The Harrisons: Brock Osweiler plays his way back to bench,-1
UWS KEFI FINALLY OPA!,1
"Trumprage of the Day: Tech Titans, Kurt Eichenwald, Sylvester Stalone",-1
Consumer bureau: Forced arbitration a bad deal for consumers,-1
Let＊s Be Serious 〞 Trump Doesn＊t Mind These Incitements to Kill Journalists,-1
Unscripted Moments on the Campaign Trail,1
CONE COMEBACK ALL BUT COMPLETE,1
New poll shows high number of voters recognized and rejected Democratic media bias,-1
Dads confront Texas pastor telling children 'Santa's not real,-1
This Is The Future Of Thanksgiving And It＊s Pretty Gross,-1
BREAKING: Bomb Squad At Trump Tower After Multiple Suspicious Packages Found,-1
Where's the hammer?': MSNBC host apologizes after leaked on-camera meltdown,-1
When Even the New York Times . . .,-1
'Save the World': UN Climate Conference Opens With Dire Predictions,1
Qatar Airways Lifts Baggage Allowance as Global Network Expands,1
"FBI Rules Out Amtrak Was Struck by Gunfire, Still Investigating Whether Another Object Hit Windshield",-1
USA Gymnastics files for bankruptcy to pay sex abuse settlements more quickly,-1
Police Halt Activist-Led ※Toxic Tour§ of Spain＊s ※Dirtiest§ Corporate Polluters Sponsoring COP25,-1
Twenty20 means 50-over cricket is doomed,-1
Newport Beach police launch podcast to help capture missing murder suspect,1
Hear Them Roar,1
Virtual map explores Civil War in Richmond,1
Larry Klayman: Trump Should 'Redraft' Travel Ban,-1
Thousands of Somali Immigrants Detained by Police in Kenya,-1
Japan to Announce Withdrawal from International Whaling Commission on Wednesday,-1
These Refugees Are Being Returned to the Violent Circumstances They Left Behind,-1
The Radical Paris Agreement,1
Taylor: War Crimes Case Based on "Lies",-1
'We're Not Dogs': Immigration House Offers Safe Place,1
Oil Snaps Three-Day Slump as U.S. Futures Signal Equity Rebound,1
Siemens to spin off 80.5 pct of Osram,1
Wear These Earplugs If You Don＊t Want to Go Deaf At Concerts and Sporting Events,1
Teen boys try to escape Tennessee detention center -- again,-1
Fiorina: GOP Nominee Needs to ＆Drive＊ Benghazi ＆Over and Over and Over＊,-1
The Best of John Hughes,1
 Recap: Becca Heads Out on Hometown Visits,1
The Jolly-Sink showdown: What to watch,-1
Khalid Ali: Bodycam footage shows arrest of terror suspect,-1
The Bride Made Me Buy This,1
The Great Misdirection,-1
Suneung: The day silence falls over South Korea,-1
Judge reconsiders some sentences in 1995 Roanoke firebombing,1
China＊s statistics are bad. Many criticisms of them are worse,-1
The Insufferable Sanctimony of Peter Wehner,-1
Wolf says analysis confirms fears about GOP health care bill,1
FOREX-Euro/dollar last little changed after Fed minutes,1
Mortgage lending in Scotland 'rises sharply',-1
Best Tweets: Gunning for Geese Edition,1
Why NL title celebrations are a double-edged sword for Mets,-1
"If You Thought Only Hillary Supporters Were Witches, You Were Wrong",-1
"UPDATE 2-Brazil miner Vale's profit falls on nickel, forex",-1
New Footage of Michael Brown on the Day He Was Killed Shows How Easy It Is for Cops to Paint Victims as ＆Bad Guys＊,-1
Trayvon Martin Case Repeats 2006 'Playbook' for Martin Lee Anderson,-1
Who to blame for a do-nothing DC,-1
Prominent Christian Musician: America Has 'Kicked the Healer' Out and 'It's Time to Invite Him Back In,-1
The Visual Artists Who Inspired Brahms,1
"In Afghanistan, US military officials say it's now or never",-1
Ohio county offers immunity to people turning in deadly drugs as heroin epidemic rages,1
Hungary makes nuclear deal with Russia a 30-year secret,-1
What It's Like To Use Microsoft's Gorgeous New Surface Laptop,1
Netflix Masterfully Trolls James O＊Keefe and Project Veritas with a Single Tweet,-1
Drew Brees Gives Purdue Epic Pregame Speech Before Beating Nebraska,1
2018 Body Count in Sadiq Khan＊s London Reaches 100,-1
Hotel Review: Barcelona W Hotel,1
Why Does High School Still Start So Early?,-1
GOP lawmakers＊ mass exodus grows as North Carolina Republican throws in the towel,-1
Collins warn of social security number scam,-1
How to tease the most out of this tax season,1
FedEx to Raise US Express Rates as Profit Jumps,-1
Palm Oil Ends 2010 at Highest in 15 Years on Supply Outlook,1
Barack Obama＊s Huge Year Eight Challenge,1
Bubble Economics,1
Met chief apologises for officer's unlawful use of CS spray on protesters,-1
Samsung Board Chairman Jailed on Union Sabotage Charge,-1
The Prince: Meet the Man Who Co-Opted Democracy in the Middle East,-1
Fighting in Iraq and Afghanistan Echoes the 30 Years' War,-1
Liverpool miss Steven Gerrard as Arsenal lose strike pair for Anfield game,-1
A ＆Teabagger＊ Summa,1
Opinion: Kill a rhino to save a rhino?,-1
Golden Globes 2015: the nominees 每 in pictures,-1
UPDATE 1-Syria's Assad says truce is "glimmer of hope",1
Obama honors Anthony Bourdain: he made us ※a little less afraid of the unknown§,1
Another Shot at Life from the Obama Administration,1
Border Children From Among World's Most Violent Countries,-1
Where's the rest of your outfit? Make-up free Christina Aguilera ditches her trousers for dinner date with boyfriend Matt,1
Is There a Method to Make Doing Laundry More Efficient?,1
A Syrian Family Finds Refuge on a Swedish Island,1
These Are the Two States That Say National Guard Could House Immigrant Children,1
New York state approves issuing driver's licenses to illegal immigrants,1
Obama to Congress: Get your act together and pass jobs bill,-1
South Korea's Satellite Is Not Going to Go Over Well in North Korea,-1
Thai Baht Sinks to 12-Week Low as Protests Mount; Bonds Decline,-1
"La senadora Warren no lo admite, pero el proceso de nominaci車n presidencial en Estados Unidos es racista",-1
Iranian Poker,-1
Teddy Roosevelt＊s Wisdom for Donald Trump,-1
Marsh & McLennan Earnings Drop,-1
Emanuel AME Church to hold 1st service since massacre,1
Yet another very good book,1
Search for missing WWII bomber gets renewed push,-1
Government Climate Scientist: Native Alaskans Are In Danger Because I Was Reassigned,-1
Mitt Romney's Victory Bores the Press,-1
Items 'missing' from British Empire and Commonwealth Museum,-1
"Miami teen who never woke up after breast implant surgery will undergo life-saving operation as it emerges her son, 3, still does not know his mother is in a coma",-1
A Clinton Fan Manufactured Fake News That MSNBC Personalities Spread to Discredit WikiLeaks Docs,-1
Review: ＆Top of the Lake: China Girl＊ is an exquisite sequel,-1
Jessica Alba is pregnant with her 3rd child,1
Barack Obama In Paris: Mass Shootings Don＊t Happen Outside of America,-1
"Obama May Announce NSA Reforms Soon, Colorado Estimates $5 Million in Marijuana Sales, Boehner Works on Immigration Reform: P.M. Links",1
Dateline Winnipeg,1
Here＊s What Jair Bolsonaro Thinks,1
Why I Would Never File A Lawsuit Saying My Child With Cystic Fibrosis Should Not Have Been Born,-1
Soon You＊ll Be Able to Make Anything. It＊ll Change Politics Forever.,1
WATCH: President Obama in Cuba: ※I Have Come to Bury the Last Remnant of the Cold War§,1
Bernie Sanders＊s claim that the Fed can rescue Puerto Rico like it rescued Wall Street,1
'Unplanned' star shares the power prayer had during filming of the pro-life movie: 'I have never felt closer to God than I did on that set',1
THE DEATH OF VIDEO? 每 BOOMING DVDS HIT FAST FORWARD,-1
How The Blind See,1
"Rep. Gerald Connolly On Health Reform, Extending Metro and Stimulus Spending",1
Nation's Capital Approves Assisted Suicide,-1
"An 18th Century, Gender-Bending Mystery: What Did 'The Fox' Say?",1
Seattle misreads Thomas Piketty as its minimum wage mascot,-1
Angry passenger tries to burn luggage after flight is cancelled,-1
A Bunch of New Stuff and Bad Actors,-1
Spouse Criticism May Worsen Chronic Low Back Pain,-1
Obama Readies Afghan Escalation,-1
'Fluidity' drops in,-1
Trump: Media members want debate moderators to 'go after' him,-1
Horse Sense (and Nonsense) About the Minimum Wage,-1
Watch Cats Attempt to Play Candy Crush?,1
Abandoned? Mideast Christians Overlooked in the War on Terror,-1
"Super PAC, Big Donors Propel Romney to Florida Victory",1
TREASURIES-US 10-year notes fly to 13-month highs on safety bids,1
Five Best: Deborah Levy on Books That Open the Mind,1
GOP lawmaker pushes to end sports leagues' tax-exempt status,-1
BOSOX＊S CHASE IS NEVER-ENDING,-1
3 More Women: Baylor Did Nothing to Help Us After Sexual Assaults,-1
Al Qaeda Is Going Gently into the Night,1
How the Lowly Mushroom Is Becoming a Nutritional Star,1
Liberalism in Theory and Practice,-1
Ben Carson Is Right About Nazi Gun Control,-1
"Hope Hicks, one of Trump＊s closest aides, is resigning",-1
Sen. McCaskill in the middle of an Appropriations civil war on spending,-1
"Ten Years After Her Release, Martha Stewart＊s Prison Diaries Are Finally Revealed",-1
Putin Needs an Enemy After Berezovsky＊s Death ,-1
"Amiibo, Disney Infinity, Skylanders, Lego Dimensions: A Guide to Gaming Toys",1
A Blast in Nigeria,-1
Friendly Fyre,1
Social media users mock Trump for misspelling 'hereby' in multiple tweets,-1
WATCH: Israel＊s Rhythmic Gymnasts Off to Solid Start in Rio,1
Leftists ENRAGED After NYT Columnist Dowd Calls Obama ＆Barry.＊ There＊s One Thing They Missed.,-1
Disgusting: The Freedom Caucus Saves Obamacare Again,1
Bernard Herrmann＊s Artistry,1
Trans Kids Can Now Join the Boy Scouts〞but Should They Want To?,-1
New Poll Says American Public is Fine With NSA Surveillance,-1
"Martin Landau on His Relationship With Marilyn Monroe, Playing Gay for Hitchcock, and His Oscars Triumph",1
Hall of Fame Catcher Gary Carter Has Died,-1
Cheesecake for the Soul: A ＆Golden Girls＊ Cafe Opens,1
Mrs. President?,-1
The Power of the Cross Will Triumph Over Evil,1
The Debt That All Cartoonists Owe to ※Peanuts§,1
Intentional blindness?,-1
Private Plane Advocates Question Focus on Security,-1
Paris Mayor: Donald Trump is 'So Stupid',-1
Obama's World Peace Offensive Yields Few Peace Dividends,-1
Words of Note,1
"People Can Change, Home Should Not",1
Noam Chomsky Defends WikiLeaks and Declassifying Information,1
"During Last Impeachment Proceedings, Investors Stuck With Hot Stocks",1
Ousted Renault-Nissan Boss Carlos Ghosn Leaves Japan: Report,-1
Internet currency exchange biz owner gets jail for tax conviction,-1
"Christian Bale: So Many Good Parts, but Is There a Part Missing?",-1
"Before Netanyahu's Speech to Congress, White House Puts Out 'Five Key Facts' About U.S.-Israel Relationship",1
"Green New Deal: Organizer, Physician Jill Stein Poised to Win Green Party＊s Presidential Nomination",1
SAP Chairman Sees Co-CEOs for Long Term,1
Clinton campaign to run ads during GOP debate,-1
Whiff of success upsets Aussies,-1
Q&A: How St Patrick's became a flashpoint,-1
Airlines Take a Step Toward Garbage-Free Flying,1
Awareness Found In Vegetative Patient,-1
Thousands of Big Cats Are Suffering in Inhumane Roadside Zoos Across the U.S.,-1
Apple Said to Plan Netflix Service on New TV Product,1
#MaybeHeDoesntHitYou and the power of online feminism,-1
The Moral Economy of the Iranian Protests,-1
The NYPD＊s Violent Crackdown on Occupy Wall Street Protesters,1
Assisted Suicide: CT Judge Dismissed Attempt to Legalize by Redefinition,-1
"Detroit＊s Underground Economy: Where Capitalism Fails, Alternatives Take Root",1
The Latest: High winds barrel into South Dakota,-1
Twilight of the Superheroes,1
Drug Companies Can Lower Prices or Have Trump Lower Them for Them,1
KNOW IT ALL: Monday's Top 6 Stories at NBC News,1
Media Ignore Hillary＊s Smoking Gun to Focus on Making Up Stuff About Carson,1
BCS standings: Baylor creeps closer to Ohio State,1
Brandeis on the Brink,-1
Agreeing with Jim Manzi Agreeing with Matt Yglesias,1
The Abortion Debate Gets Real,-1
"FAITH-FILLED WEEKEND: That Time Tebow's John 3:16 Verse Went Viral, Then God Did Something Even Wilder",1
Wage fight,-1
"Bookspotting: Election Day Special, Part 2",1
Pence on Surprise Iraq Trip to Reassure Allies And Greet Troops,1
When the Ruling Class Feared Communism,1
Woman Says She Was Denied Job Due to Peanut Allergy,-1
'Death Valley' Heat Wave Striking US with Dangerous 100+ Temps,-1
Oregon man faces charges after allegedly urinating on passengers on board flight,-1
Qatar Expels Egypt Muslim Brotherhood Leaders,1
State Dept: Posts in 19 Countries to Remain Closed,1
Arkansas holds off Alabama 1-0 in college baseball,1
We Two: Victoria and Albert,1
Helping Boomers Give Their Best,1
"Ravens, TE Owen Daniels agree to terms on 1-year contract, pending physical",1
BlackBerry＊s Job-Cutting Expenses Jump to $400 Million,-1
Cuccinelli ready for the next step in Virginia＊s Obamacare challenge,1
Here＊s Your Guide To The Latest Wild Developments With Michael Flynn,1
Donald Trump's Real Problem Is With White People,-1
Writer Hunter S. Thompson Commits Suicide,-1
Introducing Perry＊s Rule: Why You Should Never Cite Galileo To Support Your Claims of Science Persecution,1
NYT Editorial Concedes Immigration Is Complex Right Before Oversimplifying It,-1
※I Will Kill You§: Read the Police Report in Maine GOPer＊s Domestic Assault Case,-1
Senate to vote on Paul＊s balanced budget plan,1
"Robert Reich on backing Bernie Sanders, dating Hillary Clinton, and making policy viral on Facebook",-1
The Marketplace Report: Ad Industry Fights Taxes,1
Over 100 Indigenous Activists Decry California Gov. Jerry Brown＊s Market-Based Climate Solutions,1
128 Lumps of Coal,-1
Hiroshima Organizes Scientific Teams and Medical Treatment Centers to Receive Victims of Radiation Poisoning,-1
Cooper Hewitt to Host Pixar Exhibition,1
"Oh, Pipe Down",-1
Lesbian sues Kansas City diocese over firing,1
Americans confident about win in Iraq,1
What the French E-mail Meme Says About Your American Job,-1
'Canes sign Dwyer to 2-year contract extension,1
Boehner short Republican votes for debt plan-conservative says,-1
Giuliani associate Lev Parnas got $1 million from a Ukrainian oligarch linked to Russian organized crime: prosectors,-1
The Sound of Musical Joy: Clark Terry＊s Trumpet,1
Second Republican announces plans to challenge Ocasio-Cortez in New York,-1
3 Stocks I Won't Be Selling In 2017,1
U.K. 30-Year Bonds Climb in Longest Run of Gains Since 1996,-1
Nimbler Than Nimbyism,-1
Facebook row twins in Oxford crew for Boat Race,1
Long and short of it: No worries about Yankees bats,1
Do Humans Have the Collective Will to Prevent Global Catastrophe?,1
"U.S. ELECTION WRAP: Clinton E-Mail, Foundation Woes Persist",1
Former White House Adviser: What Vladimir Putin Could Learn From 'Doctor Zhivago',1
Militarizing Schools Could Actually Be Dangerous 每 Here＊s How to Make Them Safer,-1
Who should run Illinois?,-1
Eric Garner Protesters Shut Down West Side Highway,-1
"Al-Qaida terror plot foiled, say French police",1
Coe warms up for sprinting start to the Cultural Olympiad,1
Americans Get Low Marks On Hygiene,-1
"Cruz: Bush, Walker, Rubio Support ""Amnesty,"" Which Will Keep Democrats In Power Forever",-1
Coburn to resign from Senate at end of current Congress,1
White Supremacist Kills 49 Muslim Worshipers in New Zealand as Islamophobic Hate Crimes Rise Globally,-1
Read Chris Cuomo's Shape-Up Blog,1
"As Tennessee Restarts Executions, 40 Years of Data Expose Its Death Penalty as a ※Cruel Lottery§",-1
Following Souter: Non-Lawyers Need Not Apply,-1
On deaf ears,-1
Donald Trump Signs D-Day Proclamation In The Most Trumpian Way Possible,1
White Nationalism in the White House: Administration Faces New Revelations About Ties to Far Right,-1
Trump Restores UK to the Front of the Queue,-1
"Mmm, Donuts",1
Aita,1
Hong Kong Short Selling Turnover (Main Board) Recorded 03/08/201,1
When Maxine Called President Bush a Racist,-1
Policy for the Many,1
DGA gives Gillum another $1M as RGA hits the airwaves for DeSantis,1
Liberals Furious After Obama Praises Billy Graham,-1
The Columbia River Gorge Is a Low-Key Food and Wine Paradise,1
Friends Everywhere,1
White Sox tweet support for Obama after Boston boos,1
"New house, tight budget: How to make it work.",1
It＊s Really Easy for Teens to Buy E-Cigs Online,-1
Australia Presses Iran to Release 3 Citizens From Prison,-1
'He said I hope this goes away': Lewandowski doesn't dispute that Trump asked Comey to 'let it go' when the two men spoke about the FBI's Flynn investigation,-1
Tennessee sheriff's office sued for allegedly torturing 19-year-old inmate,-1
Scientists to uncover secrets of ＆Jurassic Mile＊ this summer,1
"※Mr. President, Are You a Racist?§ Is the Question Reporters Should Never Stop Asking Donald Trump",-1
BRIEF-India's UCO Bank Dec Qtr Loss Widens,-1
Kid-hostage standoff,-1
"Eat, Sashay, Love: An American Drag Queen Finds Romance in Dakar?",1
What Archaeologists Found Under the Floors of an Abandoned Jerusalem Building Could Be the Site of One of the Biggest Events in Jesus' Life,1
A ＆Trump slump＊ is hitting major media. Here＊s how that could change 2020,-1
Blue And Red,-1
Scottish osprey chicks moved to Spain,1
Art Pick: Tale of the Tape,1
Wisbech crash death campaigners back sentence review,-1
Adam Schiff Makes Up His Own Transcript Of Call Between Trump And Ukraine President,-1
You're A Partisan! No You Are!,-1
Big Gov't Programs Wasting Billions for Nothing?,-1
Biden to lead delegation to Sharon service,1
Market Monitor,1
U.S. Diplomats Search for Long-Term Solution,1
Radio Silence,-1
The Fall of Conservatism,-1
FACTBOX-Botswana holds elections,1
Yesterday Was a Good Day,1
Why recent US 'conflict mineral' legislation is a good thing for Africa,1
Mark Shields: Romney 'Has More Positions Than the Kama Sutra',-1
Against the Salary Cap,1
Meatless Monday: grilled peanut butter and jam sandwiches,1
Breaking: Top Department of Justice official resigning,-1
Shannon Roe: Spending a trillion dollars is hard work,-1
Erdogan warns NATO allies to back its fight against terror,-1
Federal Court Orders Overhaul Of Mental Health Services For Veterans,1
"※Memoir of War,§ Reviewed: A Generic, Thoughtless Adaptation of Marguerite Duras",-1
The Call to Do Better,1
CBO sees no double-dip recession yet,1
Bionic Fed is No Match for Bond Market,1
Lawyer: High court won't move trial over Confederate statue,-1
Who＊s Afraid of Title IX?,-1
A Year in Photos: Jacob Bernstein,-1
'Controlling bully' gets 23 years for Haringey wife murder,-1
London teen lost at Malaysian resort died from ulcer bleed,-1
In Defense of the MAGA Hat,1
Terminal declined,-1
Why Dire Straits＊ ※Brothers in Arms§ Was Such a Poignant Choice for the Americans Finale,1
Gemma Chan and beau Dominic Cooper make first high-profile appearance as a couple at British Fashion Awards after party,1
"People Hate When You're Petty, According to Science",-1
A Slipper-Clad Mila Kunis Speaks,1
"Jimmy Fallon, Donald Trump Mess Up the Hairpiece Myth",1
UPDATE 1-Glaxo drug shown to delay ovarian cancer relapse,1
Couple Arrested for Reporting Found Drugs to Police,-1
Eagles are taking the no-talking-politics-at-work approach to Donald Trump,-1
Former press secretary Mike McCurry on how to be a good communicator,1
Lockheed Martin CEO Confirms Trump Helped Secure F-35 Price Drop,-1
Zion Williamson Throws Down Massive Dunk Warming Up Against North Carolina State,1
Can Apple Win the Battle for Control of Your Living Room?,1
BRIEF-Actinium Pharmaceuticals says initiated EMA scientific advice process for Iomab-B,1
Minnesota police officer facing charges for hitting man in detox,-1
Texas Has Pact With Railroad To Move Lines,1
Palin＊s Latest Error,-1
Looking back: Prehistoric animals,1
South African conference teams taking command in Super Rugby,1
"Colin Kaepernick, Meet the U.S. Navy",1
Review: 'Hunger Games' conclusion leaves little to feast on,-1
＆Emotionally and Intellectually Incapable＊: Conservative Columnist Explains Why Trump＊s Insecurities Make Him ＆Unfit＊ for Office,-1
Frankenstorm: Meteorologist Warns Hurricane Sandy an Outgrowth of Global Warming＊s Extreme Weather,-1
Obama Received Praise From Republicans For Helping Implement Welfare-To-Work In The State Senate In 1997,1
Americans back to hating drug industry,-1
The New Deal in the American Political Imagination,1
U.S. forces carried out more ...,-1
WATCH: CNN＊s Stelter Calls For End To ＆Dangerous＊ Ad Boycott Against Ingraham,-1
Outgoing Atlantic City mayor to work for Toms River,-1
"Barrow Targets Base, Swing Voters in New Ad",1
Tesla (TSLA) will break ground on battery factory next month. But where?,1
Obama's Budget Seeks to Ensure Hedge Fund Managers Pay 3.8% Tax,1
Vandals Are Destroying Monuments Because They＊ve Been Taught To Hate America,-1
Civil Rights Activists Seek Justice for Racial Violence in the Name of Emmett Till,-1
"Rand Paul praises President Trump for pulling troops out of Syria, slams GOP critics as 'neocon war caucus'",-1
Texas judge warned for refusing to perform same-sex weddings,-1
Right-Wing Commentators Have Already Decided the Explosive Packages Are a False Flag,-1
Re: Elmer Kelton,1
Separated at Birth,-1
Rubber sidewalks go where concrete fears to tread,-1
How Did the Dems＊ IT Scandal Suspects Get Here?,-1
German Unions Are Waking up to the Climate Disaster,1
＆In Secret＊ fails to impress,1
Adrian Moore Discusses the Marijuana Market in California on Varney & Co.,1
Williams rallies Norfolk State over Stony Brook 74-68,1
US homebuilder sentiment falls again in January,-1
AMY＊S HUSBAND: $1.7M OR I＊LL DISH,1
Still confused about the latest Obamacare lawsuits? Let Jon Stewart explain.,1
Prince Andrew Says He Doesn't Regret His 'Very Useful' Relationship With Jeffrey Epstein,-1
"Big House victory for GOP tax plan, but Senate fate unclear",-1
Quitting your job? Here's how to write the perfect goodbye note,-1
U.S. Automakers Seen Losing Market Share Amid 2012 Growth: Cars,-1
Bombshell Accusation: 100 Michigan Girls May Have Had Genitals Cut by Muslim Doc,-1
Favre Slated to Meet with NFL over Sexting Claim,-1
The WKRP Moment of the Ukraine Separatist Movement Has Arrived,-1
Ex-Ky sheriff admits to kickbacks; faces prison,-1
French Jews Move Out of Paris Suburbs,-1
How the Mango Became the Fruit of Mao,1
Economist: Trump must prepare for a showdown with China,-1
Amnesty says Arab leaders fail to see scale of uprisings,-1
Skipping a Generation,-1
"Sinopec, ENN Energy Offer $2 Billion in Cash for China Gas",1
Looking for the Way Out of Brazil＊s Crisis,1
Royal Dutch Shell Completes Repsol LNG Portfolio Deal,1
No Indictment for Officer in NYC Chokehold Death,-1
Senate fails to move forward on small-business legislation,-1
Steve Greenhut: Report Finds California State Workers Acting Poorly,-1
Army opens Bergdahl investigation,1
Local Business Keeps Flying Giant American Flag Despite $11k in Fines From North Carolina City Gov,1
Former LA County Sheriff Indicted on New Federal Charges,1
National Briefing | Southwest: Texas: Indictment Of Couple In Children's Deaths,-1
United legend Charlton backs Van Persie to have no problem finding the net at Old Trafford,1
CCW Weekend: Leaving Your Gun At Home,-1
"Number of children's products being recalled increased last year, report finds",-1
"John Brennan Shouldn＊t Be Lecturing America, He Should Be The Focus Of A Congressional Inquiry",-1
Ted Nugent Forwards Nasty Anti-Semitic Tripe On Facebook,-1
Rangers aim for sniper in free agency,-1
Drug manufacturers divided over jury trial in Oklahoma case,-1
Liberal Upper West Siders Get Their Revenge: Trump Place Sign Comes Down,1
Wolfsburg beats Hoffenheim 2-1 to ease relegation fears,1
Massive 706-carat diamond unearthed in Sierra Leone ,1
Denmark Indicts Woman Suspected of Joining Islamic State in Syria,-1
Why Colombia Voted Down Peace,-1
I Was A Patient On A Psych Ward And The Friends I Made Got Me Through It,1
Scientists Spot Signs of Salty Water on Mars,1
India to Call on Millions of Non-Residents to Defend Rupee,-1
Alexandria Ocasio Cortez: ＆It Would Be An Honor＊ To Be Bernie Sanders＊ Veep,1
One Shining Moment: Famous Free Throws in Tournament History,1
Stephen Miller TKOs Jim Acosta,1
Republicans Can＊t Tell the Difference Between Honesty and Truth 每 And They＊re Putting Us in Danger,-1
FCC appears to assume new posture on security,1
"On Pi Day, finding strength in numbers",1
Video: 220 years of US population changes in one map,1
Ignited Iraq,-1
Andropause: When Guys Get 'The Change',-1
How Trump's Latest Threatened Tariffs Could Affect China And Its Leadership,1
"Muslims Can Stay in India as Long as They Stop Eating Beef, Top Politician Says",-1
Nationals give Treinen start against Braves,1
Rep. DeSantis: Cancel Passports of Those Who Want to Join ISIS,1
Fatherhood After 40? It's Becoming A Lot More Common,1
Newtown Student: We Hid In A Closet,-1
NY Dem: Drop Trump's name from state park,-1
Mississippi D.A. Weighs Prosecution in Till Murder ,-1
"Bachelet returns to Chile, says she will seek presidency in November elections",1
Is the TJX Companies a Good Value?,1
"Winter immune boost may actually cause deaths, study suggests",-1
White House Visitors and Staffers Will Have a Gender-Neutral Restroom Option,1
Raw: Oktoberfest Begins in Munich,1
UPDATE 5-Iran to give U.N. inspectors more access to nuclear sites,1
"It's Richard Shelby's Party, and He'll Put a Hold on All Obama Noms Until He Gets His Pork if He Wants To",-1
Brief Encounter,-1
"Kasich, Gee group to push opioid settlement toward hospitals",1
"Rand will stand in way of tax cuts, White House fears",-1
China sounds the alarm over its stressed-out schoolchildren,-1
"Survey Says: Government Is A Problem, Guns Are Not",-1
Citizens United Decision: Bring On The Spending,1
Slide Show: The White Album,1
The Sound of Cindy: Tropical Storm Crashes Into Gulf Coast,-1
Putting the Wilders Win in Context,1
The best long reads from 2019,1
Robbing Renewables to Pay Teachers?,-1
Where Do Your Short Ribs Come From?,1
Holiday Events,1
Big UCLA Hotel Proposed,1
Activists Block RNC Entrance with Mock Border Wall So Trump＊s Hate ※Won＊t Reach Our Communities§,1
City students press for takeover of state School Board,-1
Flights Couldn＊t Land At LaGuardia Airport In New York Because Of Air Traffic Control Staffing,-1
Brazilian Soccer Team's Plane Crashes In Colombia,-1
BofA Merrill Hires Six for Japan Equities Amid Surge in Trading,1
Phoebe Prince Update: 3 More Schoolmates Plead Not Guilty to Bullying Charges,-1
"N.C. cop burned by free coffee sues Starbucks, cites lost intestine",-1
California AG says utility could face murder charges if found liable for wildfires,-1
Tom Brady got a kick out of being listed as a 22-year-old on New England Patriots' roster,-1
How Obama＊s unaffordable socialism could become Trump＊s smart conservatism,-1
Ex-Microsoft CEO Ballmer quits board after buying Clippers,1
Obamacare: Mandatory Purchase of Health Insurance May be Unconstitutional,-1
"The Matrix: Big Labor, Allies Pump $14,438,595 into Wisconsin Recalls",-1
"Kinder, Gentler Politics? Leftist Protesters Throw Eggs at Nigel Farage Rally",-1
Not in your backyard! Family threatened with jail for putting a purple swingset in their garden,-1
Singapore Exchange's Net Profit Fell By 55% in 9 Months Ended in March,-1
Security Flaw in Israeli Propaganda App Exposed User Emails,-1
The N.R.A.: A Demand for Justice,-1
